{"tags":[{"name":"cve","count":833},{"name":"lfi","count":342},{"name":"panel","count":272},{"name":"xss","count":258},{"name":"wordpress","count":252},{"name":"exposure","count":240},{"name":"rce","count":214},{"name":"tech","count":196},{"name":"wp-plugin","count":175},{"name":"cve2020","count":165},{"name":"cve2021","count":155},{"name":"joomla","count":128},{"name":"cve2010","count":109},{"name":"cve2019","count":97},{"name":"config","count":96},{"name":"cve2018","count":92},{"name":"apache","count":73},{"name":"iot","count":70},{"name":"takeover","count":69},{"name":"oast","count":69},{"name":"default-login","count":68},{"name":"token","count":67},{"name":"token-spray","count":63},{"name":"cve2017","count":51},{"name":"file","count":50},{"name":"unauth","count":49},{"name":"network","count":43},{"name":"ssrf","count":42},{"name":"sqli","count":40},{"name":"","count":38},{"name":"cve2016","count":37},{"name":"redirect","count":37},{"name":"oracle","count":36},{"name":"google","count":30},{"name":"logs","count":30},{"name":"cve2015","count":29},{"name":"atlassian","count":29},{"name":"jira","count":29},{"name":"cisco","count":27},{"name":"listing","count":27},{"name":"cve2014","count":27},{"name":"generic","count":24},{"name":"auth-bypass","count":23},{"name":"misc","count":23},{"name":"disclosure","count":23},{"name":"misconfig","count":22},{"name":"router","count":22},{"name":"aem","count":19},{"name":"sap","count":18},{"name":"debug","count":18},{"name":"springboot","count":18},{"name":"cve2012","count":18},{"name":"php","count":16},{"name":"devops","count":15},{"name":"cve2011","count":15},{"name":"cve2009","count":14},{"name":"weblogic","count":14},{"name":"login","count":14},{"name":"struts","count":14},{"name":"aws","count":14},{"name":"fuzz","count":14},{"name":"zoho","count":13},{"name":"deserialization","count":13},{"name":"android","count":13},{"name":"dlink","count":13},{"name":"dns","count":13},{"name":"adobe","count":13},{"name":"jenkins","count":12},{"name":"wp-theme","count":12},{"name":"manageengine","count":12},{"name":"magento","count":11},{"name":"cve2013","count":11},{"name":"dell","count":10},{"name":"intrusive","count":10},{"name":"xxe","count":10},{"name":"hp","count":10},{"name":"vmware","count":9},{"name":"ftp","count":9},{"name":"kubernetes","count":9},{"name":"fastjson","count":8},{"name":"cnvd","count":8},{"name":"rails","count":8},{"name":"scada","count":8},{"name":"gitlab","count":8},{"name":"backup","count":8},{"name":"ruijie","count":8},{"name":"airflow","count":8},{"name":"cve2008","count":8},{"name":"nginx","count":8},{"name":"microsoft","count":8},{"name":"ibm","count":8},{"name":"confluence","count":7},{"name":"files","count":7},{"name":"coldfusion","count":7},{"name":"netgear","count":7},{"name":"cms","count":7},{"name":"jetty","count":6},{"name":"camera","count":6},{"name":"citrix","count":6},{"name":"django","count":6},{"name":"nodejs","count":6},{"name":"rconfig","count":6},{"name":"api","count":6},{"name":"laravel","count":6},{"name":"phpmyadmin","count":6},{"name":"lucee","count":6},{"name":"docker","count":6},{"name":"fileupload","count":6},{"name":"solr","count":6},{"name":"drupal","count":6},{"name":"headless","count":5},{"name":"ssti","count":5},{"name":"dedecms","count":5},{"name":"jolokia","count":5},{"name":"crlf","count":5},{"name":"java","count":5},{"name":"windows","count":5},{"name":"tomcat","count":5},{"name":"circarlife","count":5},{"name":"iis","count":5},{"name":"printer","count":5},{"name":"fatpipe","count":4},{"name":"exchange","count":4},{"name":"zabbix","count":4},{"name":"asp","count":4},{"name":"rfi","count":4},{"name":"amazon","count":4},{"name":"grafana","count":4},{"name":"wso2","count":4},{"name":"hongdian","count":4},{"name":"thinkphp","count":4},{"name":"maps","count":4},{"name":"buffalo","count":4},{"name":"symfony","count":4},{"name":"vpn","count":4},{"name":"solarwinds","count":4},{"name":"firmware","count":4},{"name":"glpi","count":4},{"name":"zimbra","count":4},{"name":"proxy","count":4},{"name":"moodle","count":4},{"name":"symantec","count":4},{"name":"resin","count":4},{"name":"npm","count":4},{"name":"strapi","count":4},{"name":"artifactory","count":4},{"name":"slack","count":4},{"name":"magmi","count":4},{"name":"samsung","count":4},{"name":"git","count":4},{"name":"webserver","count":4},{"name":"firebase","count":4},{"name":"thinkcmf","count":4},{"name":"keycloak","count":4},{"name":"elastic","count":4},{"name":"traversal","count":4},{"name":"search","count":3},{"name":"ssh","count":3},{"name":"openssh","count":3},{"name":"vbulletin","count":3},{"name":"openam","count":3},{"name":"kafka","count":3},{"name":"smtp","count":3},{"name":"telerik","count":3},{"name":"kibana","count":3},{"name":"cloud","count":3},{"name":"zhiyuan","count":3},{"name":"backdoor","count":3},{"name":"lansweeper","count":3},{"name":"caucho","count":3},{"name":"fanruan","count":3},{"name":"cves","count":3},{"name":"jeesns","count":3},{"name":"log","count":3},{"name":"nexus","count":3},{"name":"cacti","count":3},{"name":"ofbiz","count":3},{"name":"oa","count":3},{"name":"tikiwiki","count":3},{"name":"azure","count":3},{"name":"jellyfin","count":3},{"name":"r-seenet","count":3},{"name":"terramaster","count":3},{"name":"github","count":3},{"name":"lfr","count":3},{"name":"hoteldruid","count":3},{"name":"kevinlab","count":3},{"name":"httpd","count":3},{"name":"opensis","count":3},{"name":"springcloud","count":3},{"name":"nosqli","count":3},{"name":"linkerd","count":3},{"name":"injection","count":3},{"name":"nacos","count":3},{"name":"microstrategy","count":3},{"name":"node","count":3},{"name":"exposures","count":3},{"name":"fpd","count":3},{"name":"prometheus","count":3},{"name":"itop","count":3},{"name":"bitrix","count":3},{"name":"targa","count":3},{"name":"druid","count":3},{"name":"mongodb","count":3},{"name":"ebs","count":3},{"name":"bigip","count":3},{"name":"mail","count":3},{"name":"cve2007","count":3},{"name":"aviatrix","count":2},{"name":"icewarp","count":2},{"name":"yapi","count":2},{"name":"webcam","count":2},{"name":"chyrp","count":2},{"name":"paloalto","count":2},{"name":"prtg","count":2},{"name":"voipmonitor","count":2},{"name":"mailchimp","count":2},{"name":"idrac","count":2},{"name":"text","count":2},{"name":"bitly","count":2},{"name":"nagios","count":2},{"name":"fortios","count":2},{"name":"upload","count":2},{"name":"commax","count":2},{"name":"odoo","count":2},{"name":"dolibarr","count":2},{"name":"activemq","count":2},{"name":"maian","count":2},{"name":"globalprotect","count":2},{"name":"openvpn","count":2},{"name":"ilo","count":2},{"name":"netis","count":2},{"name":"hasura","count":2},{"name":"hostheader-injection","count":2},{"name":"favicon","count":2},{"name":"vcenter","count":2},{"name":"rockmongo","count":2},{"name":"liferay","count":2},{"name":"spark","count":2},{"name":"netsweeper","count":2},{"name":"storage","count":2},{"name":"jboss","count":2},{"name":"nextjs","count":2},{"name":"wuzhicms","count":2},{"name":"openfire","count":2},{"name":"natshell","count":2},{"name":"jsf","count":2},{"name":"s3","count":2},{"name":"db","count":2},{"name":"huawei","count":2},{"name":"dos","count":2},{"name":"axis2","count":2},{"name":"cve2005","count":2},{"name":"places","count":2},{"name":"plesk","count":2},{"name":"embed","count":2},{"name":"justwriting","count":2},{"name":"sitecore","count":2},{"name":"cache","count":2},{"name":"kentico","count":2},{"name":"emerge","count":2},{"name":"splunk","count":2},{"name":"qihang","count":2},{"name":"hashicorp","count":2},{"name":"waf","count":2},{"name":"adminer","count":2},{"name":"yii","count":2},{"name":"sharepoint","count":2},{"name":"chamilo","count":2},{"name":"service","count":2},{"name":"oauth","count":2},{"name":"axis","count":2},{"name":"trixbox","count":2},{"name":"chiyu","count":2},{"name":"getsimple","count":2},{"name":"kong","count":2},{"name":"aruba","count":2},{"name":"couchdb","count":2},{"name":"showdoc","count":2},{"name":"geowebserver","count":2},{"name":"backups","count":2},{"name":"mcafee","count":2},{"name":"hpe","count":2},{"name":"totemomail","count":2},{"name":"lotus","count":2},{"name":"ecology","count":2},{"name":"igs","count":2},{"name":"vrealize","count":2},{"name":"sonicwall","count":2},{"name":"akamai","count":2},{"name":"bucket","count":2},{"name":"harbor","count":2},{"name":"leak","count":2},{"name":"phpcollab","count":2},{"name":"flir","count":2},{"name":"wordfence","count":2},{"name":"rstudio","count":2},{"name":"horde","count":2},{"name":"heroku","count":2},{"name":"bypass","count":2},{"name":"smb","count":2},{"name":"sonarqube","count":2},{"name":"saltstack","count":2},{"name":"enumeration","count":2},{"name":"seeyon","count":2},{"name":"ucmdb","count":2},{"name":"mida","count":2},{"name":"qcubed","count":2},{"name":"glassfish","count":2},{"name":"guacamole","count":2},{"name":"payara","count":2},{"name":"electron","count":2},{"name":"hjtcloud","count":2},{"name":"ec2","count":2},{"name":"linux","count":2},{"name":"ecoa","count":2},{"name":"akkadian","count":2},{"name":"rancher","count":2},{"name":"grav","count":2},{"name":"jeedom","count":2},{"name":"minio","count":2},{"name":"frp","count":2},{"name":"shellshock","count":2},{"name":"tidb","count":2},{"name":"bruteforce","count":2},{"name":"status","count":2},{"name":"pega","count":2},{"name":"avantfax","count":2},{"name":"prestashop","count":2},{"name":"nextcloud","count":2},{"name":"middleware","count":2},{"name":"xxljob","count":2},{"name":"interlib","count":1},{"name":"memcached","count":1},{"name":"avtech","count":1},{"name":"nps","count":1},{"name":"apiman","count":1},{"name":"syslog","count":1},{"name":"wondercms","count":1},{"name":"novnc","count":1},{"name":"linkedin","count":1},{"name":"directions","count":1},{"name":"instagram","count":1},{"name":"parentlink","count":1},{"name":"nimble","count":1},{"name":"dom","count":1},{"name":"axiom","count":1},{"name":"74cms","count":1},{"name":"qsan","count":1},{"name":"b2evolution","count":1},{"name":"geddy","count":1},{"name":"domxss","count":1},{"name":"panabit","count":1},{"name":"tpshop","count":1},{"name":"perl","count":1},{"name":"buildkite","count":1},{"name":"shopizer","count":1},{"name":"st","count":1},{"name":"sureline","count":1},{"name":"mantisbt","count":1},{"name":"moin","count":1},{"name":"clockwork","count":1},{"name":"openemr","count":1},{"name":"zmanda","count":1},{"name":"embedthis","count":1},{"name":"moinmoin","count":1},{"name":"exacqvision","count":1},{"name":"xmlchart","count":1},{"name":"cve2006","count":1},{"name":"kerbynet","count":1},{"name":"beanshell","count":1},{"name":"websvn","count":1},{"name":"codemeter","count":1},{"name":"youtube","count":1},{"name":"wooyun","count":1},{"name":"zms","count":1},{"name":"woocommerce","count":1},{"name":"details","count":1},{"name":"yealink","count":1},{"name":"nsasg","count":1},{"name":"daybyday","count":1},{"name":"openweather","count":1},{"name":"mantis","count":1},{"name":"synnefo","count":1},{"name":"mpsec","count":1},{"name":"expose","count":1},{"name":"wifisky","count":1},{"name":"placeos","count":1},{"name":"clickhouse","count":1},{"name":"cgi","count":1},{"name":"geocode","count":1},{"name":"shopware","count":1},{"name":"azkaban","count":1},{"name":"jnoj","count":1},{"name":"mongoshake","count":1},{"name":"ioncube","count":1},{"name":"csrf","count":1},{"name":"burp","count":1},{"name":"opensmtpd","count":1},{"name":"traefik","count":1},{"name":"empirecms","count":1},{"name":"pippoint","count":1},{"name":"setup","count":1},{"name":"ambari","count":1},{"name":"smartsense","count":1},{"name":"emby","count":1},{"name":"actuator","count":1},{"name":"skycaiji","count":1},{"name":"omi","count":1},{"name":"darkstat","count":1},{"name":"soar","count":1},{"name":"iterable","count":1},{"name":"rujjie","count":1},{"name":"beanstalk","count":1},{"name":"cors","count":1},{"name":"xiuno","count":1},{"name":"nexusdb","count":1},{"name":"find","count":1},{"name":"wavlink","count":1},{"name":"jumpcloud","count":1},{"name":"fedora","count":1},{"name":"cyberoam","count":1},{"name":"cve202","count":1},{"name":"dvr","count":1},{"name":"clink-office","count":1},{"name":"floc","count":1},{"name":"landray","count":1},{"name":"weglot","count":1},{"name":"rmi","count":1},{"name":"spectracom","count":1},{"name":"lighttpd","count":1},{"name":"bingmaps","count":1},{"name":"shopxo","count":1},{"name":"phpinfo","count":1},{"name":"iptime","count":1},{"name":"skywalking","count":1},{"name":"square","count":1},{"name":"feifeicms","count":1},{"name":"minimouse","count":1},{"name":"mobileiron","count":1},{"name":"phpfusion","count":1},{"name":"labtech","count":1},{"name":"fortigates","count":1},{"name":"vsftpd","count":1},{"name":"spip","count":1},{"name":"livezilla","count":1},{"name":"tectuus","count":1},{"name":"haproxy","count":1},{"name":"postmark","count":1},{"name":"loqate","count":1},{"name":"tjws","count":1},{"name":"pmb","count":1},{"name":"ewebs","count":1},{"name":"lanproxy","count":1},{"name":"tor","count":1},{"name":"codeigniter","count":1},{"name":"xvr","count":1},{"name":"visualstudio","count":1},{"name":"gilacms","count":1},{"name":"fastapi","count":1},{"name":"sophos","count":1},{"name":"contentkeeper","count":1},{"name":"kyan","count":1},{"name":"hiawatha","count":1},{"name":"gunicorn","count":1},{"name":"mautic","count":1},{"name":"oscommerce","count":1},{"name":"qvisdvr","count":1},{"name":"rdp","count":1},{"name":"redwood","count":1},{"name":"maxsite","count":1},{"name":"zend","count":1},{"name":"svnserve","count":1},{"name":"etherpad","count":1},{"name":"maccmsv10","count":1},{"name":"craftcms","count":1},{"name":"roads","count":1},{"name":"expressjs","count":1},{"name":"szhe","count":1},{"name":"fortinet","count":1},{"name":"fortilogger","count":1},{"name":"bookstack","count":1},{"name":"ueditor","count":1},{"name":"ssl","count":1},{"name":"cofax","count":1},{"name":"twitter-server","count":1},{"name":"alertmanager","count":1},{"name":"ntopng","count":1},{"name":"database","count":1},{"name":"commscope","count":1},{"name":"arl","count":1},{"name":"javamelody","count":1},{"name":"cobub","count":1},{"name":"faraday","count":1},{"name":"monitorix","count":1},{"name":"circle","count":1},{"name":"email","count":1},{"name":"office365","count":1},{"name":"travis","count":1},{"name":"dbeaver","count":1},{"name":"upnp","count":1},{"name":"buttercms","count":1},{"name":"gitea","count":1},{"name":"owasp","count":1},{"name":"esmtp","count":1},{"name":"monitorr","count":1},{"name":"okiko","count":1},{"name":"trane","count":1},{"name":"blue-ocean","count":1},{"name":"totaljs","count":1},{"name":"varnish","count":1},{"name":"nedi","count":1},{"name":"doh","count":1},{"name":"secmail","count":1},{"name":"tapestry","count":1},{"name":"lokalise","count":1},{"name":"myucms","count":1},{"name":"lutron","count":1},{"name":"smi","count":1},{"name":"sar2html","count":1},{"name":"xml","count":1},{"name":"bing","count":1},{"name":"nc2","count":1},{"name":"keenetic","count":1},{"name":"distance","count":1},{"name":"etouch","count":1},{"name":"sonarcloud","count":1},{"name":"sendgrid","count":1},{"name":"loganalyzer","count":1},{"name":"timeclock","count":1},{"name":"redis","count":1},{"name":"cherokee","count":1},{"name":"rsyncd","count":1},{"name":"fuelcms","count":1},{"name":"calendarix","count":1},{"name":"centos","count":1},{"name":"playable","count":1},{"name":"k8s","count":1},{"name":"spotify","count":1},{"name":"spidercontrol","count":1},{"name":"elevation","count":1},{"name":"tieline","count":1},{"name":"kindeditor","count":1},{"name":"pcoip","count":1},{"name":"phpfastcache","count":1},{"name":"triconsole","count":1},{"name":"sidekiq","count":1},{"name":"natemail","count":1},{"name":"jquery","count":1},{"name":"grails","count":1},{"name":"pihole","count":1},{"name":"chevereto","count":1},{"name":"tugboat","count":1},{"name":"scimono","count":1},{"name":"messaging","count":1},{"name":"nette","count":1},{"name":"optiLink","count":1},{"name":"netrc","count":1},{"name":"idemia","count":1},{"name":"ns","count":1},{"name":"opencast","count":1},{"name":"visualtools","count":1},{"name":"yachtcontrol","count":1},{"name":"alerta","count":1},{"name":"zcms","count":1},{"name":"pacsone","count":1},{"name":"pgadmin","count":1},{"name":"nuuo","count":1},{"name":"centreon","count":1},{"name":"lotuscms","count":1},{"name":"webui","count":1},{"name":"sqlite","count":1},{"name":"spring","count":1},{"name":"salesforce","count":1},{"name":"okta","count":1},{"name":"gridx","count":1},{"name":"cocoon","count":1},{"name":"opentsdb","count":1},{"name":"api-manager","count":1},{"name":"tenda","count":1},{"name":"zarafa","count":1},{"name":"listserv","count":1},{"name":"kubeflow","count":1},{"name":"mrtg","count":1},{"name":"goahead","count":1},{"name":"saltapi","count":1},{"name":"timesheet","count":1},{"name":"cves2001","count":1},{"name":"flink","count":1},{"name":"fortiweb","count":1},{"name":"exponentcms","count":1},{"name":"clockwatch","count":1},{"name":"ruckus","count":1},{"name":"woocomernce","count":1},{"name":"rubedo","count":1},{"name":"dvwa","count":1},{"name":"mailgun","count":1},{"name":"graphql","count":1},{"name":"zm","count":1},{"name":"graph","count":1},{"name":"trilithic","count":1},{"name":"glowroot","count":1},{"name":"javafaces","count":1},{"name":"netgenie","count":1},{"name":"miscrsoft","count":1},{"name":"werkzeug","count":1},{"name":"openrestry","count":1},{"name":"rabbitmq","count":1},{"name":"ognl","count":1},{"name":"asana","count":1},{"name":"scs","count":1},{"name":"owa","count":1},{"name":"k8","count":1},{"name":"solarlog","count":1},{"name":"cloudinary","count":1},{"name":"wakatime","count":1},{"name":"fortigate","count":1},{"name":"xunchi","count":1},{"name":"springframework","count":1},{"name":"timezone","count":1},{"name":"proftpd","count":1},{"name":"redcap","count":1},{"name":"expn","count":1},{"name":"netdata","count":1},{"name":"cscart","count":1},{"name":"bedita","count":1},{"name":"qdpm","count":1},{"name":"sourcebans","count":1},{"name":"blind","count":1},{"name":"wmt","count":1},{"name":"karel","count":1},{"name":"majordomo2","count":1},{"name":"stem","count":1},{"name":"cloudflare","count":1},{"name":"jfrog","count":1},{"name":"spf","count":1},{"name":"ecom","count":1},{"name":"gateone","count":1},{"name":"place","count":1},{"name":"svn","count":1},{"name":"vsphere","count":1},{"name":"raspap","count":1},{"name":"sco","count":1},{"name":"phpwiki","count":1},{"name":"meraki","count":1},{"name":"rockethchat","count":1},{"name":"selea","count":1},{"name":"nifi","count":1},{"name":"asus","count":1},{"name":"argussurveillance","count":1},{"name":"flexbe","count":1},{"name":"ilo4","count":1},{"name":"node-red-dashboard","count":1},{"name":"limit","count":1},{"name":"episerver","count":1},{"name":"fcm","count":1},{"name":"htmli","count":1},{"name":"stripe","count":1},{"name":"thinkadmin","count":1},{"name":"magicflow","count":1},{"name":"sarg","count":1},{"name":"dotclear","count":1},{"name":"vnc","count":1},{"name":"jsp","count":1},{"name":"razor","count":1},{"name":"pendo","count":1},{"name":"duomicms","count":1},{"name":"processmaker","count":1},{"name":"ruby","count":1},{"name":"starttls","count":1},{"name":"phpunit","count":1},{"name":"gurock","count":1},{"name":"wazuh","count":1},{"name":"fastcgi","count":1},{"name":"terraform","count":1},{"name":"lancom","count":1},{"name":"hadoop","count":1},{"name":"pivotaltracker","count":1},{"name":"biometrics","count":1},{"name":"javascript","count":1},{"name":"mapbox","count":1},{"name":"mod-proxy","count":1},{"name":"openstack","count":1},{"name":"websphere","count":1},{"name":"klog","count":1},{"name":"concrete","count":1},{"name":"rocketchat","count":1},{"name":"turbocrm","count":1},{"name":"phpshowtime","count":1},{"name":"checkpoint","count":1},{"name":"smartblog","count":1},{"name":"pyramid","count":1},{"name":"nomad","count":1},{"name":"dropbox","count":1},{"name":"wamp","count":1},{"name":"digitalocean","count":1},{"name":"netmask","count":1},{"name":" default-login","count":1},{"name":"mkdocs","count":1},{"name":"webmodule-ee","count":1},{"name":"metinfo","count":1},{"name":"avalanche","count":1},{"name":"xdcms","count":1},{"name":"panos","count":1},{"name":"manager","count":1},{"name":"deviantart","count":1},{"name":"redmine","count":1},{"name":"zeroshell","count":1},{"name":"whm","count":1},{"name":"sangfor","count":1},{"name":"myvuehelp","count":1},{"name":"achecker","count":1},{"name":"auth","count":1},{"name":"apos","count":1},{"name":"openx","count":1},{"name":"discord","count":1},{"name":"camunda","count":1},{"name":"eyelock","count":1},{"name":"sentry","count":1},{"name":"tcexam","count":1},{"name":"dnssec","count":1},{"name":"adb","count":1},{"name":"ems","count":1},{"name":"rmc","count":1},{"name":"comodo","count":1},{"name":"imap","count":1},{"name":"h3c-imc","count":1},{"name":"basic-auth","count":1},{"name":"anchorcms","count":1},{"name":"discourse","count":1},{"name":"mara","count":1},{"name":"photo","count":1},{"name":"plugin","count":1},{"name":"froxlor","count":1},{"name":"postgres","count":1},{"name":"shiro","count":1},{"name":"servicedesk","count":1},{"name":"blackboard","count":1},{"name":"opm","count":1},{"name":"nerdgraph","count":1},{"name":"bigbluebutton","count":1},{"name":"jenkin","count":1},{"name":"yzmcms","count":1},{"name":"remkon","count":1},{"name":"eprints","count":1},{"name":"cloudron","count":1},{"name":"oneblog","count":1},{"name":"weiphp","count":1},{"name":"openerp","count":1},{"name":"emc","count":1},{"name":"jeewms","count":1},{"name":"matrix","count":1},{"name":"phalcon","count":1},{"name":"octoprint","count":1},{"name":"pulsesecure","count":1},{"name":"landrayoa","count":1},{"name":"circontrol","count":1},{"name":"metabase","count":1},{"name":"sage","count":1},{"name":"aspnuke","count":1},{"name":"jitsi","count":1},{"name":"mirai","count":1},{"name":"mediumish","count":1},{"name":"wiki","count":1},{"name":"vidyo","count":1},{"name":"clave","count":1},{"name":"diris","count":1},{"name":"clusterengine","count":1},{"name":"dompdf","count":1},{"name":"sceditor","count":1},{"name":"cockpit","count":1},{"name":"robomongo","count":1},{"name":"extractor","count":1},{"name":"twitter","count":1},{"name":"powercreator","count":1},{"name":"seacms","count":1},{"name":"cse","count":1},{"name":"iceflow","count":1},{"name":"nearby","count":1},{"name":"postmessage","count":1},{"name":"sql","count":1},{"name":"appweb","count":1},{"name":"ganglia","count":1},{"name":"route","count":1},{"name":"simplecrm","count":1},{"name":"gogs","count":1},{"name":"tileserver","count":1},{"name":"ulterius","count":1},{"name":"ghost","count":1},{"name":"webftp","count":1},{"name":"jaspersoft","count":1},{"name":"luftguitar","count":1},{"name":"jmx","count":1},{"name":"streetview","count":1},{"name":"chinaunicom","count":1},{"name":"webadmin","count":1},{"name":"influxdb","count":1},{"name":"tensorboard","count":1},{"name":"sprintful","count":1},{"name":"shoretel","count":1},{"name":"huijietong","count":1},{"name":"newrelic","count":1},{"name":"eg","count":1},{"name":"primetek","count":1},{"name":"webmin","count":1},{"name":"circontrorl","count":1},{"name":"frontpage","count":1},{"name":"zookeeper","count":1},{"name":"gstorage","count":1},{"name":"pagespeed","count":1},{"name":"viewlinc","count":1},{"name":"octobercms","count":1},{"name":"sgp","count":1},{"name":"nuxeo","count":1},{"name":"circleci","count":1},{"name":"visionhub","count":1},{"name":"bullwark","count":1},{"name":"wavemaker","count":1},{"name":"panasonic","count":1},{"name":"realteo","count":1},{"name":"ssltls","count":1},{"name":"artica","count":1},{"name":"wildfly","count":1},{"name":"bazarr","count":1},{"name":"subrion","count":1},{"name":"plc","count":1},{"name":"crm","count":1},{"name":"nordex","count":1},{"name":"tinypng","count":1},{"name":"autocomplete","count":1},{"name":"swagger","count":1},{"name":"socomec","count":1},{"name":"fiori","count":1},{"name":"package","count":1},{"name":"alibaba","count":1},{"name":"portainer","count":1},{"name":"mongo","count":1},{"name":"mdb","count":1},{"name":"ricoh","count":1},{"name":"oidc","count":1},{"name":"csrfguard","count":1},{"name":"rhymix","count":1},{"name":"key","count":1},{"name":"acontent","count":1},{"name":"tika","count":1},{"name":"vscode","count":1},{"name":"tamronos","count":1},{"name":"eyou","count":1},{"name":"calendly","count":1},{"name":"solman","count":1},{"name":"hubspot","count":1},{"name":"ipstack","count":1},{"name":"zenario","count":1},{"name":"mysql","count":1},{"name":"zyxel","count":1},{"name":"elfinder","count":1},{"name":"gotmls","count":1},{"name":"locations","count":1},{"name":"hiboss","count":1},{"name":"krweb","count":1},{"name":"drone","count":1},{"name":"aura","count":1},{"name":"olivetti","count":1},{"name":"gitlist","count":1},{"name":"cerebro","count":1},{"name":"mariadb","count":1},{"name":"elascticsearch","count":1},{"name":"accela","count":1},{"name":"acme","count":1},{"name":"bolt","count":1},{"name":"acexy","count":1},{"name":"motorola","count":1},{"name":"graylog","count":1},{"name":"erp-nc","count":1},{"name":"viewpoint","count":1},{"name":"xampp","count":1},{"name":"dotnet","count":1},{"name":"logontracer","count":1},{"name":"plone","count":1},{"name":"redhat","count":1},{"name":"geutebruck","count":1},{"name":"tongda","count":1},{"name":"addpac","count":1},{"name":"linksys","count":1},{"name":"gespage","count":1},{"name":"speed","count":1},{"name":"hortonworks","count":1},{"name":"jenzabar","count":1},{"name":"kafdrop","count":1},{"name":"zzzcms","count":1},{"name":"weather","count":1},{"name":"adiscon","count":1},{"name":"servicenow","count":1},{"name":"tracer","count":1},{"name":"announcekit","count":1},{"name":"tensorflow","count":1},{"name":"csod","count":1},{"name":"dotnetnuke","count":1},{"name":"elasticsearch","count":1},{"name":"graphite","count":1},{"name":"zte","count":1},{"name":"glances","count":1},{"name":"default","count":1},{"name":"opensns","count":1},{"name":"shoppable","count":1},{"name":"uwsgi","count":1},{"name":"testrail","count":1},{"name":"couchbase","count":1},{"name":"plastic","count":1},{"name":"pagerduty","count":1},{"name":"gloo","count":1},{"name":"gsoap","count":1},{"name":"finereport","count":1},{"name":"bash","count":1},{"name":"lg-nas","count":1},{"name":"geolocation","count":1},{"name":"wing-ftp","count":1},{"name":"resourcespace","count":1},{"name":"nweb2fax","count":1}],"authors":[{"name":"daffainfo","count":288},{"name":"pikpikcu","count":281},{"name":"dhiyaneshdk","count":279},{"name":"pdteam","count":201},{"name":"geeknik","count":162},{"name":"dwisiswant0","count":131},{"name":"gy741","count":81},{"name":"pussycat0x","count":72},{"name":"princechaddha","count":66},{"name":"zzeitlin","count":63},{"name":"madrobot","count":63},{"name":"0x_akoko","count":53},{"name":"gaurang","count":42},{"name":"philippedelteil","count":29},{"name":"ice3man","count":26},{"name":"organiccrap","count":24},{"name":"pr3r00t","count":15},{"name":"sheikhrishad","count":15},{"name":"milo2012","count":14},{"name":"techbrunchfr","count":13},{"name":"suman_kar","count":12},{"name":"cyllective","count":11},{"name":"r3dg33k","count":11},{"name":"nadino","count":10},{"name":"melbadry9","count":10},{"name":"wdahlenb","count":10},{"name":"random_robbie","count":10},{"name":"righettod","count":10},{"name":"hackergautam","count":9},{"name":"zh","count":8},{"name":"aashiq","count":8},{"name":"that_juan_","count":8},{"name":"iamthefrogy","count":8},{"name":"emadshanab","count":7},{"name":"harshbothra_","count":7},{"name":"dogasantos","count":7},{"name":"dr_set","count":7},{"name":"0x240x23elu","count":7},{"name":"oppsec","count":7},{"name":"kophjager007","count":7},{"name":"randomstr1ng","count":7},{"name":"meme-lord","count":7},{"name":"techryptic (@tech)","count":7},{"name":"divya_mudgal","count":6},{"name":"__fazal","count":6},{"name":"logicalhunter","count":6},{"name":"puzzlepeaches","count":6},{"name":"caspergn","count":6},{"name":"pentest_swissky","count":6},{"name":"xelkomy","count":5},{"name":"rootxharsh","count":5},{"name":"joanbono","count":5},{"name":"johnk3r","count":5},{"name":"ganofins","count":5},{"name":"yanyun","count":5},{"name":"elsfa7110","count":5},{"name":"lu4nx","count":5},{"name":"panch0r3d","count":5},{"name":"iamnoooob","count":5},{"name":"wisnupramoedya","count":4},{"name":"tess","count":4},{"name":"e_schultze_","count":4},{"name":"github.com/its0x08","count":4},{"name":"incogbyte","count":4},{"name":"nodauf","count":4},{"name":"idealphase","count":3},{"name":"shine","count":3},{"name":"me9187","count":3},{"name":"thomas_from_offensity","count":3},{"name":"shifacyclewala","count":3},{"name":"mavericknerd","count":3},{"name":"z3bd","count":3},{"name":"fyoorer","count":3},{"name":"sullo","count":3},{"name":"dudez","count":3},{"name":"jarijaas","count":3},{"name":"emenalf","count":3},{"name":"johnjhacking","count":3},{"name":"yash anand @yashanand155","count":3},{"name":"0w4ys","count":3},{"name":"skeltavik","count":3},{"name":"unstabl3","count":3},{"name":"f1tz","count":3},{"name":"impramodsargar","count":3},{"name":"sushantkamble","count":3},{"name":"vsh00t","count":3},{"name":"_generic_human_","count":3},{"name":"binaryfigments","count":3},{"name":"socketz","count":2},{"name":"lotusdll","count":2},{"name":"bing0o","count":2},{"name":"nkxxkn","count":2},{"name":"mahendra purbia (mah3sec_)","count":2},{"name":"0xsapra","count":2},{"name":"joeldeleep","count":2},{"name":"manas_harsh","count":2},{"name":"hahwul","count":2},{"name":"davidmckennirey","count":2},{"name":"bernardofsr","count":2},{"name":"0xelkomy","count":2},{"name":"random-robbie","count":2},{"name":"swissky","count":2},{"name":"arcc","count":2},{"name":"hetroublemakr","count":2},{"name":"vavkamil","count":2},{"name":"r12w4n","count":2},{"name":"pxmme1337","count":2},{"name":"0xrudra","count":2},{"name":"huowuzhao","count":2},{"name":"fabaff","count":2},{"name":"randomrobbie","count":2},{"name":"foulenzer","count":2},{"name":"bp0lr","count":2},{"name":"g4l1t0","count":2},{"name":"x1m_martijn","count":2},{"name":"amsda","count":2},{"name":"afaq","count":2},{"name":"0xprial","count":2},{"name":"parth","count":2},{"name":"0xcrypto","count":2},{"name":"koti2","count":2},{"name":"bsysop","count":2},{"name":"dheerajmadhukar","count":2},{"name":"kiblyn11","count":2},{"name":"convisoappsec","count":2},{"name":"0xsmiley","count":2},{"name":"udit_thakkur","count":2},{"name":"w4cky_","count":2},{"name":"alifathi-h1","count":2},{"name":"ree4pwn","count":2},{"name":"whoever","count":2},{"name":"gevakun","count":2},{"name":"r3naissance","count":2},{"name":"mohammedsaneem","count":2},{"name":"sy3omda","count":2},{"name":"cocxanh","count":2},{"name":"zomsop82","count":2},{"name":"ehsahil","count":2},{"name":"gal nagli","count":2},{"name":"moritz nentwig","count":2},{"name":"ajaysenr","count":1},{"name":"un-fmunozs","count":1},{"name":"adrianmf","count":1},{"name":"rodnt","count":1},{"name":"borna nematzadeh","count":1},{"name":"brabbit10","count":1},{"name":"nerrorsec","count":1},{"name":"regala_","count":1},{"name":"@ofjaaah","count":1},{"name":"akash.c","count":1},{"name":"ahmetpergamum","count":1},{"name":"manikanta a.k.a @secureitmania","count":1},{"name":"geraldino2","count":1},{"name":"izn0u","count":1},{"name":"co0nan","count":1},{"name":"_c0wb0y_","count":1},{"name":"aaron_costello (@conspiracyproof)","count":1},{"name":"makyotox","count":1},{"name":"orpheus","count":1},{"name":"0ut0fb4nd","count":1},{"name":"0xtavian","count":1},{"name":"mubassirpatel","count":1},{"name":"exploitation","count":1},{"name":"jrolf","count":1},{"name":"akshansh","count":1},{"name":"thebinitghimire","count":1},{"name":"retr0","count":1},{"name":"mesaglio","count":1},{"name":"bolli95","count":1},{"name":"furkansenan","count":1},{"name":"willd96","count":1},{"name":"its0x08","count":1},{"name":"mah3sec_","count":1},{"name":"affix","count":1},{"name":"flag007","count":1},{"name":"berkdusunur","count":1},{"name":"yashgoti","count":1},{"name":"push4d","count":1},{"name":"streetofhackerr007 (rohit soni)","count":1},{"name":"hanlaomo","count":1},{"name":"shreyapohekar","count":1},{"name":"becivells","count":1},{"name":"kareemse1im","count":1},{"name":"alperenkesk","count":1},{"name":"j33n1k4","count":1},{"name":"nytr0gen","count":1},{"name":"pratik khalane","count":1},{"name":"jteles","count":1},{"name":"ooooooo_q","count":1},{"name":"b0yd","count":1},{"name":"pudsec","count":1},{"name":"d0rkerdevil","count":1},{"name":"hakluke","count":1},{"name":"petruknisme","count":1},{"name":"raesene","count":1},{"name":"nvn1729","count":1},{"name":"alex","count":1},{"name":"juicypotato1","count":1},{"name":"aresx","count":1},{"name":"0xteles","count":1},{"name":"manuelbua","count":1},{"name":"naglinagli","count":1},{"name":"absshax","count":1},{"name":"rotemreiss","count":1},{"name":"0xrod","count":1},{"name":"zhenwarx","count":1},{"name":"yashanand155","count":1},{"name":"ohlinge","count":1},{"name":"apt-mirror","count":1},{"name":"kurohost","count":1},{"name":"jeya seelan","count":1},{"name":"iampritam","count":1},{"name":"streetofhackerr007","count":1},{"name":"xstp","count":1},{"name":"alph4byt3","count":1},{"name":"kabirsuda","count":1},{"name":"revblock","count":1},{"name":"whynotke","count":1},{"name":"ratnadip gajbhiye","count":1},{"name":"th3.d1p4k","count":1},{"name":"0xd0ff9","count":1},{"name":"tirtha_mandal","count":1},{"name":"taielab","count":1},{"name":"sicksec","count":1},{"name":"cristi vlad (@cristivlad25)","count":1},{"name":"forgedhallpass","count":1},{"name":"cookiehanhoan","count":1},{"name":"blckraven","count":1},{"name":"philippdelteil","count":1},{"name":"intx0x80","count":1},{"name":"luskabol","count":1},{"name":"chron0x","count":1},{"name":"elmahdi","count":1},{"name":"kba@sogeti_esec","count":1},{"name":"sec_hawk","count":1},{"name":"ivo palazzolo (@palaziv)","count":1},{"name":"toufik airane","count":1},{"name":"elder tao","count":1},{"name":"sickwell","count":1},{"name":"0h1in9e","count":1},{"name":"shifacyclewla","count":1},{"name":"mhdsamx","count":1},{"name":"shelld3v","count":1},{"name":"pdp","count":1},{"name":"droberson","count":1},{"name":"qlkwej","count":1},{"name":"noamrathaus","count":1},{"name":"oscarintherocks","count":1},{"name":"vzamanillo","count":1},{"name":"rojanrijal","count":1},{"name":"ahmed sherif","count":1},{"name":"s1r1u5_","count":1},{"name":"daviey","count":1},{"name":"schniggie","count":1},{"name":"@dwisiswant0","count":1},{"name":"bjhulst","count":1},{"name":"bad5ect0r","count":1},{"name":"evolutionsec","count":1},{"name":"ilovebinbash","count":1},{"name":"lark lab","count":1},{"name":"kre80r","count":1},{"name":"clarkvoss","count":1},{"name":"b4uh0lz","count":1},{"name":"patralos","count":1},{"name":"udyz","count":1},{"name":"sid ahmed malaoui @ realistic security","count":1},{"name":"ringo","count":1},{"name":"wabafet","count":1},{"name":"andirrahmani1","count":1},{"name":"twitter.com/dheerajmadhukar","count":1},{"name":"micha3lb3n","count":1},{"name":"soyelmago","count":1},{"name":"fmunozs","count":1},{"name":"_darrenmartyn","count":1},{"name":"c3l3si4n","count":1},{"name":"undefl0w","count":1},{"name":"aceseven (digisec360)","count":1},{"name":"knassar702","count":1},{"name":"j3ssie/geraldino2","count":1},{"name":"notsoevilweasel","count":1},{"name":"ipanda","count":1},{"name":"thezakman","count":1},{"name":"defr0ggy","count":1},{"name":"elouhi","count":1},{"name":"52971","count":1},{"name":"andysvints","count":1},{"name":"deena","count":1},{"name":"kishore krishna (sillydaddy)","count":1},{"name":"thevillagehacker","count":1},{"name":"b0rn2r00t","count":1},{"name":"luci","count":1},{"name":"mass0ma","count":1},{"name":"x6263","count":1},{"name":"_harleo","count":1},{"name":"gboddin","count":1},{"name":"ldionmarcil","count":1},{"name":"zandros0","count":1},{"name":"tim_koopmans","count":1},{"name":"smaranchand","count":1},{"name":"yavolo","count":1},{"name":"fopina","count":1},{"name":"dawid-czarnecki","count":1},{"name":"remonsec","count":1},{"name":"sshell","count":1},{"name":"infosecsanyam","count":1},{"name":"bernardo rodrigues @bernardofsr | andré monteiro @am0nt31r0","count":1},{"name":"omarkurt","count":1},{"name":"@github.com/defr0ggy","count":1}],"directory":[{"name":"cves","count":837},{"name":"vulnerabilities","count":327},{"name":"exposed-panels","count":269},{"name":"technologies","count":201},{"name":"exposures","count":191},{"name":"misconfiguration","count":141},{"name":"takeovers","count":65},{"name":"token-spray","count":63},{"name":"default-logins","count":60},{"name":"file","count":50},{"name":"workflows","count":38},{"name":"network","count":32},{"name":"iot","count":27},{"name":"miscellaneous","count":24},{"name":"dns","count":12},{"name":"fuzzing","count":10},{"name":"cnvd","count":9},{"name":"headless","count":5}],"severity":[{"name":"info","count":749},{"name":"high","count":649},{"name":"medium","count":476},{"name":"critical","count":294},{"name":"low","count":155}],"types":[{"name":"http","count":2211},{"name":"file","count":50},{"name":"network","count":45},{"name":"dns","count":12}]}
